Title,Date,Ticker
"Autonomous driving has potential, but this is the near-term AI trade",2026-01-06T15:16:43Z,NVDA
"Nvidia Vera Rubin, Dow tops 49K, business optimism: 3 Things",2026-01-06T14:03:26Z,NVDA
Nvidia CEO: This AI 'breakthrough' is 'completely genius',2026-01-06T11:30:42Z,NVDA
Hyundai is taking on Tesla and others in race to mass-produce humanoid robots,2026-01-05T21:00:56Z,NVDA
Nvidia CEO confirms Vera Rubin AI platform is 'in full production',2026-01-05T23:07:11Z,NVDA
"Nvidia announces humanoid robot plans, self-driving car technologies at CES 2026",2026-01-05T22:17:12Z,NVDA
CES 2026: How AI companies are trying to 'edge through the cloud',2026-01-05T18:30:00Z,NVDA
Why Elon Musk And Tesla Aren't 'Losing Sleep' Over Nvidia's Self-Driving Announcement,2026-01-06T15:37:16Z,NVDA
BC-Most Active Stocks,2026-01-06T15:30:18Z,NVDA
Nvidia Shares Slide From Record as AI Spending Concerns Surface,2026-01-06T15:29:57Z,NVDA
Baby Boomers: 5 Simple Steps For A Prosperous Retirement,2026-01-06T14:15:23Z,SPY
"Exchange-Traded Funds Higher, Equity Futures Mixed Pre-Bell Tuesday Amid Geopolitical Uncertainties",2026-01-06T13:35:35Z,SPY
4 Office Products Stocks Are Fighting Remote Work. Here’s Who’s Best Positioned.,2026-01-06T12:09:38Z,SPY
"If You'd Thrown $1,000 at the SPDR S&P 500 ETF 33 Years Ago, Here's the Jaw-Dropping Amount You'd Have Now",2026-01-05T14:05:00Z,SPY
"Exchange-Traded Funds, Equity Futures Higher Pre-Bell Monday as Traders Mull US Actions in Venezuela",2026-01-05T13:34:23Z,SPY
Investors Already Pick Their 5 Favorite S&P 500 Stocks This Year,2026-01-05T13:00:16Z,SPY
Top & Flop ETF Areas of 2025 (Revised),2026-01-04T16:00:00Z,SPY
This could be a better — and safer — way into the AI trade in 2026,2026-01-03T14:00:00Z,SPY
Defined Outcome ETF (BALT) Hits New 52-Week High,2026-01-02T15:50:00Z,SPY
"Odds for a ""January Effect"" in 2026?",2026-01-02T15:32:00Z,SPY
"Zacks Investment Ideas feature highlights Amazon, Walmart, Costco, Nvidia, Tesla  and Alphabet's",2026-01-06T09:31:00Z,WMT
5 2026 Market Predictions,2026-01-05T18:37:00Z,WMT
I’m 61 and sick and tired of working. My wife and I have $1.5M saved. Is that enough to retire?,2026-01-05T17:15:00Z,WMT
Jamie Dimon warns of major ‘turbulence’ hitting US stocks driven by tariff inflation. How to ‘crashproof’ your nest egg,2026-01-05T16:01:00Z,WMT
"1,000 miles in the Porsche Taycan 4S Cross Turismo EV: The good and bad",2026-01-04T15:00:22Z,WMT
4 Stocks to Buy in January That Could Join Nvidia in the $1 Trillion Club by 2030,2026-01-04T13:29:00Z,WMT
Walmart Customers Will Witness Some Big Changes In 2026,2026-01-03T17:30:00Z,WMT
History of Costco: Company timeline and facts,2026-01-03T16:36:00Z,WMT
Mega-rich Americans are ditching stocks and hoarding historic highs of cash. Here’s where their wealth’s going instead,2026-01-03T12:47:00Z,WMT
Trump delays increases in tariffs for furniture for another year,2026-01-03T12:10:59Z,WMT
"UnitedHealth, Chipotle, Starbucks, Mobileye: Top Analyst Calls",2026-01-06T15:38:10Z,UNH
TPG closes in on £1bn-plus deal for GP patient records system supplier,2026-01-06T12:48:00Z,UNH
Looking At The Narrative For UnitedHealth Group UNH After Shifting Earnings Recovery Expectations,2026-01-05T20:03:57Z,UNH
Is UnitedHealth Group (UNH) Attractive After A 33% One Year Share Price Decline,2026-01-05T19:09:39Z,UNH
Biotech and Pharma Stocks Tumble as Investors Race into Energy,2026-01-05T18:52:00Z,UNH
Berkshire Hathaway dethrones Allianz as world’s largest insurer,2026-01-05T16:08:27Z,UNH
Reasons Why You Should Hold Charles River Stock in Your Portfolio,2026-01-05T15:31:00Z,UNH
UnitedHealth Sinks 34.5% in a Year: Buy the Dip Before Q4 Earnings?,2026-01-05T14:11:00Z,UNH
SGA Global Growth Strategy Maintained Its Stake in UnitedHealth (UNH),2026-01-05T12:50:08Z,UNH
"UnitedHealth Group (UNH): Reassessing Valuation After Operational Overhaul, Margin Pressure and Upcoming 2026 Updates",2026-01-04T22:11:04Z,UNH
"Why Big Oil has a long road ahead in Venezuela, the 'fallen angel of global crude markets'",2026-01-05T19:26:28Z,XOM
Venezuela oil: Energy giants likely to invest in infrastructure,2026-01-05T16:30:00Z,XOM
"CoreWeave initiated, Shopify downgraded: Wall Street's top analyst calls",2026-01-06T14:38:32Z,XOM
Sell Exxon Stock Immediately,2026-01-06T14:15:41Z,XOM
Chevron Stock Outlook: Can CVX Hold Up With Oil Under $60?,2026-01-06T13:50:00Z,XOM
Passive Income Dividend Giants Dominate JP Morgan’s 2026 Energy Top Picks,2026-01-06T12:42:11Z,XOM
Energy ETFs in Spotlight as Trump Vows to Control Venezuela's Oil,2026-01-06T12:28:00Z,XOM
Trump’s Venezuela Action Is Boosting Oil Stocks. Why the Raid Was the Easy Part.,2026-01-06T11:49:00Z,XOM
Why Analysts See The Exxon Mobil (XOM) Story Shifting On Cash Returns And Sector Caution,2026-01-06T11:10:01Z,XOM
Falling Gas Prices Give Consumers a Break and Put EV Stocks On Notice | TSLA RIVN LCID,2026-01-06T10:21:21Z,XOM
"Novo Nordisk launches GLP-1 pill, bank stocks rally",2026-01-05T19:09:11Z,JPM
Jamie Dimon made $770 million last year. 2026 could be even better for banks,2026-01-06T13:09:33Z,JPM
Passive Income Dividend Giants Dominate JP Morgan’s 2026 Energy Top Picks,2026-01-06T12:42:11Z,JPM
Did JPMorgan's New Advisory and Blockchain Push Just Shift JPMorgan Chase's (JPM) Investment Narrative?,2026-01-06T12:09:57Z,JPM
Is JPMorgan Diversified Return U.S. Mid Cap Equity ETF (JPME) a Strong ETF Right Now?,2026-01-06T11:20:03Z,JPM
JPMorgan Favors 'Diversified Approach' to 2026 AI Trade,2026-01-06T09:58:46Z,JPM
JPMorgan's Wiltz 'Bullish' in Capacity to Deliver IPOs in 2026,2026-01-06T09:37:45Z,JPM
JPMorgan's Bharti on 2026 India IPO Outlook,2026-01-06T08:26:14Z,JPM
3 Reasons JPM is Risky and 1 Stock to Buy Instead,2026-01-06T04:00:56Z,JPM
Colgate-Palmolive (CL) Remains Overweight as JPMorgan Sees Headwinds Easing in 2026,2026-01-06T02:58:20Z,JPM
"Novo Nordisk launches GLP-1 pill, bank stocks rally",2026-01-05T19:09:11Z,GS
Goldman Sachs Stock Is Surging. Here's One Way To Profit.,2026-01-06T15:00:18Z,GS
Princeton in Palm Beach: Yacht Club Cocktails and Lookahead to CorpGov Forum at Reunions 2026,2026-01-06T12:41:53Z,GS
Is GHYAX a Strong Bond Fund Right Now?,2026-01-06T12:00:02Z,GS
Investors Expect the Market to Keep Rallying This Year,2026-01-05T22:18:07Z,GS
The Dow Hits a Record Close,2026-01-05T22:03:47Z,GS
Sector Update: Financial Stocks Rise Late Afternoon,2026-01-05T20:51:25Z,GS
Goldman Leads Dow Jones As These Financial Firms Break To New Highs,2026-01-05T19:18:26Z,GS
Goldman Sachs stuns with Taiwan Semiconductor stock price target,2026-01-05T19:02:13Z,GS
Why The Narrative Around Clear Secure (YOU) Is Shifting With New Deals And Analyst Updates,2026-01-05T18:06:33Z,GS
"Nvidia launches Vera Rubin, its next major AI platform, at CES 2026",2026-01-05T22:57:48Z,AMZN
Nvidia Shares Slide From Record as AI Spending Concerns Surface,2026-01-06T15:29:57Z,AMZN
Nvidia CEO Says Next-Gen AI Chips Now in Full Production,2026-01-06T15:29:11Z,AMZN
"Amazon Must Face U.S. Price-Gouging Lawsuit, Judge Rules",2026-01-06T15:20:58Z,AMZN
"Kevin O' Leary Says If He Woke Up Broke And Had To Make $10K In 30 Days, There's 'One Thing' He'd Do…And 'It's The Best Side Hustle There is'",2026-01-06T14:15:28Z,AMZN
Is Amazon.com (AMZN) Still Attractively Priced After Its Strong Multi Year Share Price Run,2026-01-06T14:13:55Z,AMZN
Why Amazon’s Spending Spree Makes It a Must-Buy Now,2026-01-06T14:09:58Z,AMZN
"Amazon.com, Inc. (AMZN) Is a Trending Stock: Facts to Know Before Betting on It",2026-01-06T14:00:05Z,AMZN
2 Stocks to Watch if the AI Trade Rebounds,2026-01-06T13:38:40Z,AMZN
Top Stocks to Double Up on Right Now,2026-01-06T12:27:00Z,AMZN
Is This Blue-Chip Icon the Best Cheap Stock You Can Buy for 2026?,2026-01-06T12:30:02Z,DIS
3 Reasons to Avoid DIS and 1 Stock to Buy Instead,2026-01-06T04:02:49Z,DIS
"Disney Might Have a Slow Start in 2026. Don’t Dump the Stock, Analyst Says.",2026-01-05T21:35:00Z,DIS
4 Disney Stock Predictions for 2026,2026-01-05T16:12:00Z,DIS
These 3 Stocks Trade at Discounts the Market Won’t Ignore Forever,2026-01-05T15:35:00Z,DIS
Assessing Disney (DIS) Stock’s Valuation After Its Recent Momentum Rebound,2026-01-05T01:12:13Z,DIS
Experts warn telling kids ‘we can’t afford it’ may fuel lifelong money stress. A wording change helps,2026-01-04T20:00:00Z,DIS
"How Much Would You Have Today If You Invested $10,000 in Disney 10 Years Ago?",2026-01-04T16:12:04Z,DIS
YouTube TV drops another generous deal for new subscribers,2026-01-03T19:17:00Z,DIS
Why Investors Are Watching SailGP’s Explosive Audience Growth,2026-01-03T13:00:51Z,DIS
P&G mum on possible return to Venezuela,2026-01-06T05:30:36Z,PG
Procter & Gamble (PG) Stock Dips While Market Gains: Key Facts,2026-01-05T22:50:06Z,PG
"Top Stock Reports for Meta, Bank of America & Procter & Gamble",2026-01-05T21:34:00Z,PG
The Best Dividend Stocks to Buy and Hold Forever,2026-01-05T20:05:00Z,PG
"Procter & Gamble Delivers, But Is Volume Growth Still a Worry?",2026-01-05T17:58:00Z,PG
3 Income ETFs With the Stability to Last the Next Decade,2026-01-05T14:27:14Z,PG
Leadership Shake-Up at Coty Could Be A Game Changer For Coty (COTY),2026-01-05T13:04:46Z,PG
Buffett's Departure From Berkshire Hathaway Puts Spotlight on Greg Abel,2026-01-04T20:15:52Z,PG
3 Stocks That Could Be Easy Wealth Builders,2026-01-04T19:23:00Z,PG
Consumption Growth Uncertainty Shapes BofA’s Updated View on P&G,2026-01-02T23:36:01Z,PG
"Freedom Capital Sees Strong Results at Mastercard (MA), Maintains Hold View",2026-01-06T02:43:43Z,V
Prediction: The S&P 500 $1 Trillion Club Will Double Between 2026 and 2030,2026-01-06T00:20:00Z,V
Why Does Visa Continue to Sit at the Center of Digital Payments?,2026-01-05T17:08:00Z,V
This Week In Digital Payment - South Africa Embraces Cashless Revolution With Rapid Growth,2026-01-05T12:37:30Z,V
Visa-Issued Crypto Card Spending Jumps 525% in 2025,2026-01-05T07:13:11Z,V
How Visa’s AI Commerce Tie-Up With Fiserv Will Impact Visa (V) Investors,2026-01-05T02:10:50Z,V
4 Stocks to Buy in January That Could Join Nvidia in the $1 Trillion Club by 2030,2026-01-04T13:29:00Z,V
Visa (V) Stock Sinks As Market Gains: Here's Why,2026-01-02T22:45:05Z,V
Forget 2025: These 3 Growth Stocks Could Soar in 2026,2026-01-02T22:25:00Z,V
2 Top Dividend Stocks to Buy for 2026,2026-01-02T12:20:00Z,V
